{
  "mean": 0.36351496780592485,
  "std": 0.19773656071345613,
  "quantiles": {
    "0.05": 0.08837142681816895,
    "0.1": 0.1247174098162333,
    "0.25": 0.20732706699056935,
    "0.5": 0.3340754747376107,
    "0.75": 0.49665077744926805,
    "0.9": 0.6526764754027211,
    "0.95": 0.7379971996911846
  },
  "hist_counts": [
    423,
    1791,
    2697,
    3194,
    3479,
    3451,
    3176,
    2845,
    2641,
    2239,
    1958,
    1592,
    1370,
    1134,
    879,
    718,
    476,
    247,
    70,
    4
  ],
  "hist_bins": 20,
  "hist_range": [
    0,
    1
  ],
  "n_samples": 34384
}