{
  "mean": 0.38378588931108465,
  "std": 0.20423676581922337,
  "quantiles": {
    "0.05": 0.09235663265075583,
    "0.1": 0.1308397764382186,
    "0.25": 0.22507349980169675,
    "0.5": 0.35711367473752387,
    "0.75": 0.5189176869652858,
    "0.9": 0.6814753854280299,
    "0.95": 0.7703567009193591
  },
  "hist_counts": [
    411,
    1631,
    2346,
    2708,
    3088,
    3199,
    3349,
    3076,
    2741,
    2397,
    2033,
    1770,
    1437,
    1171,
    946,
    840,
    649,
    409,
    161,
    22
  ],
  "hist_bins": 20,
  "hist_range": [
    0,
    1
  ],
  "n_samples": 34384
}