{
  "mean": 0.10766925147676092,
  "std": 0.13972222836318574,
  "quantiles": {
    "0.05": 0.009683040891782941,
    "0.1": 0.0145678768806785,
    "0.25": 0.027414254886759387,
    "0.5": 0.05604962527081488,
    "0.75": 0.12308794995305217,
    "0.9": 0.2658596939036165,
    "0.95": 0.41777577096515117
  },
  "hist_counts": [
    13150,
    6715,
    3030,
    1587,
    1074,
    661,
    476,
    389,
    313,
    276,
    204,
    184,
    148,
    121,
    108,
    71,
    70,
    37,
    18,
    4
  ],
  "hist_bins": 20,
  "hist_range": [
    0,
    1
  ],
  "n_samples": 28636
}