{
  "mean": 0.36651091250418105,
  "std": 0.19687402344682142,
  "quantiles": {
    "0.05": 0.08724152782047566,
    "0.1": 0.12362225510344967,
    "0.25": 0.21177714229744946,
    "0.5": 0.3416704175346533,
    "0.75": 0.5000345615513678,
    "0.9": 0.6500116059365258,
    "0.95": 0.7346072138354053
  },
  "hist_counts": [
    434,
    1859,
    2600,
    3018,
    3255,
    3338,
    3208,
    3027,
    2713,
    2333,
    2005,
    1737,
    1418,
    1128,
    833,
    685,
    477,
    242,
    68,
    6
  ],
  "hist_bins": 20,
  "hist_range": [
    0,
    1
  ],
  "n_samples": 34384
}