{
  "mean": 0.34900260519461224,
  "std": 0.20278763121733676,
  "quantiles": {
    "0.05": 0.06885865580926114,
    "0.1": 0.10079520031435978,
    "0.25": 0.1877468739649611,
    "0.5": 0.3205074960202453,
    "0.75": 0.48161991332621684,
    "0.9": 0.6462971275231167,
    "0.95": 0.7345749554461211
  },
  "hist_counts": [
    902,
    2491,
    2845,
    3143,
    3224,
    3323,
    3093,
    2840,
    2509,
    2148,
    1767,
    1544,
    1200,
    1037,
    846,
    655,
    442,
    262,
    99,
    14
  ],
  "hist_bins": 20,
  "hist_range": [
    0,
    1
  ],
  "n_samples": 34384
}