{
  "mean": 0.3834676832554577,
  "std": 0.09739458633424895,
  "quantiles": {
    "0.05": 0.24804175144759685,
    "0.1": 0.2750554998721331,
    "0.25": 0.31742471720302684,
    "0.5": 0.36988194201501085,
    "0.75": 0.43669506061010144,
    "0.9": 0.513596585356447,
    "0.95": 0.567064445147109
  },
  "hist_counts": [
    0,
    0,
    41,
    209,
    676,
    2201,
    3975,
    3838,
    2780,
    1670,
    1001,
    516,
    322,
    147,
    70,
    20,
    3,
    0,
    0,
    0
  ],
  "hist_bins": 20,
  "hist_range": [
    0,
    1
  ],
  "n_samples": 17469
}