{
  "mean": 0.4868635159544845,
  "std": 0.12851749761851108,
  "quantiles": {
    "0.05": 0.28813625849086155,
    "0.1": 0.32552708146160647,
    "0.25": 0.3959601992746076,
    "0.5": 0.47720923936479087,
    "0.75": 0.5745227174233869,
    "0.9": 0.6641213412013788,
    "0.95": 0.7112160108068126
  },
  "hist_counts": [
    0,
    0,
    14,
    96,
    311,
    685,
    1338,
    2121,
    2642,
    2711,
    2200,
    1891,
    1400,
    1013,
    606,
    300,
    114,
    26,
    1,
    0
  ],
  "hist_bins": 20,
  "hist_range": [
    0,
    1
  ],
  "n_samples": 17469
}