{
  "mean": 0.40480208566678644,
  "std": 0.20428484827478624,
  "quantiles": {
    "0.05": 0.10235183370898437,
    "0.1": 0.14546873645068897,
    "0.25": 0.24627405223115809,
    "0.5": 0.38562771577427885,
    "0.75": 0.5442120415945363,
    "0.9": 0.6999467043329813,
    "0.95": 0.7791576505212832
  },
  "hist_counts": [
    232,
    1152,
    1671,
    2025,
    2358,
    2623,
    2638,
    2556,
    2527,
    2257,
    1931,
    1634,
    1355,
    1183,
    939,
    807,
    607,
    387,
    159,
    3
  ],
  "hist_bins": 20,
  "hist_range": [
    0,
    1
  ],
  "n_samples": 29044
}