{
  "mean": 0.39702808057375194,
  "std": 0.20462066183874356,
  "quantiles": {
    "0.05": 0.1029629835903665,
    "0.1": 0.14193598706344598,
    "0.25": 0.23734119080911525,
    "0.5": 0.37270489189503303,
    "0.75": 0.5338765420737284,
    "0.9": 0.6954860652309469,
    "0.95": 0.7812726904839005
  },
  "hist_counts": [
    209,
    1114,
    1833,
    2106,
    2346,
    2543,
    2651,
    2533,
    2373,
    2077,
    1804,
    1479,
    1178,
    1083,
    843,
    700,
    597,
    414,
    143,
    10
  ],
  "hist_bins": 20,
  "hist_range": [
    0,
    1
  ],
  "n_samples": 28036
}