{
  "mean": 0.2938629032350783,
  "std": 0.1236464752464352,
  "quantiles": {
    "0.05": 0.10025088362433372,
    "0.1": 0.13792454735147072,
    "0.25": 0.20414730497015016,
    "0.5": 0.28681570043496984,
    "0.75": 0.374863941013863,
    "0.9": 0.4614173549888391,
    "0.95": 0.512888485779916
  },
  "hist_counts": [
    192,
    677,
    1247,
    2037,
    2533,
    2776,
    2578,
    2012,
    1434,
    950,
    549,
    307,
    129,
    37,
    10,
    1,
    0,
    0,
    0,
    0
  ],
  "hist_bins": 20,
  "hist_range": [
    0,
    1
  ],
  "n_samples": 17469
}