{
  "mean": 0.4992838779357414,
  "std": 0.13455876754069537,
  "quantiles": {
    "0.05": 0.28208891252286206,
    "0.1": 0.32513023712278544,
    "0.25": 0.399268503566275,
    "0.5": 0.49876197961764146,
    "0.75": 0.5983251463646876,
    "0.9": 0.6741291905198711,
    "0.95": 0.7172793266252159
  },
  "hist_counts": [
    0,
    2,
    26,
    135,
    312,
    715,
    1286,
    1936,
    2223,
    2142,
    2172,
    2214,
    1869,
    1281,
    677,
    338,
    118,
    22,
    1,
    0
  ],
  "hist_bins": 20,
  "hist_range": [
    0,
    1
  ],
  "n_samples": 17469
}