{
  "mean": 0.341643602003785,
  "std": 0.20102847719324501,
  "quantiles": {
    "0.05": 0.07049701066305607,
    "0.1": 0.10321957394789456,
    "0.25": 0.18360063806841884,
    "0.5": 0.308468492546235,
    "0.75": 0.46705300650508286,
    "0.9": 0.635699509433144,
    "0.95": 0.7325362339811508
  },
  "hist_counts": [
    816,
    2445,
    3114,
    3313,
    3492,
    3432,
    3158,
    2799,
    2496,
    2030,
    1625,
    1405,
    1106,
    913,
    770,
    590,
    425,
    316,
    131,
    8
  ],
  "hist_bins": 20,
  "hist_range": [
    0,
    1
  ],
  "n_samples": 34384
}