{
  "mean": 0.3975709859845051,
  "std": 0.20217975670626384,
  "quantiles": {
    "0.05": 0.10050802390386117,
    "0.1": 0.14481818680039027,
    "0.25": 0.2418598204216904,
    "0.5": 0.37484173767098894,
    "0.75": 0.5323402159536228,
    "0.9": 0.6907370383961772,
    "0.95": 0.7738709638978488
  },
  "hist_counts": [
    299,
    1403,
    1951,
    2517,
    2949,
    3176,
    3258,
    3126,
    3052,
    2594,
    2180,
    1856,
    1552,
    1239,
    1099,
    812,
    665,
    475,
    167,
    14
  ],
  "hist_bins": 20,
  "hist_range": [
    0,
    1
  ],
  "n_samples": 34384
}