{
  "mean": 0.39528688446882326,
  "std": 0.12421096561519192,
  "quantiles": {
    "0.05": 0.2054624885096023,
    "0.1": 0.2377521883878959,
    "0.25": 0.3018733383393484,
    "0.5": 0.3866678089750253,
    "0.75": 0.48268205936350433,
    "0.9": 0.5653014822126808,
    "0.95": 0.6112003226369143
  },
  "hist_counts": [
    0,
    5,
    87,
    280,
    695,
    1069,
    1310,
    1237,
    1154,
    1075,
    751,
    530,
    328,
    156,
    43,
    13,
    0,
    0,
    0,
    0
  ],
  "hist_bins": 20,
  "hist_range": [
    0,
    1
  ],
  "n_samples": 8733
}