{
  "mean": 0.5054077716057068,
  "std": 0.13596816821072918,
  "quantiles": {
    "0.05": 0.28729726067739136,
    "0.1": 0.3297687816720787,
    "0.25": 0.4045812735907287,
    "0.5": 0.5032656820636212,
    "0.75": 0.6031777016913932,
    "0.9": 0.6873050983584639,
    "0.95": 0.7353817316378237
  },
  "hist_counts": [
    0,
    2,
    15,
    94,
    311,
    676,
    1242,
    1818,
    2189,
    2243,
    2207,
    2159,
    1819,
    1210,
    844,
    466,
    155,
    20,
    1,
    0
  ],
  "hist_bins": 20,
  "hist_range": [
    0,
    1
  ],
  "n_samples": 17471
}