{
  "mean": 0.25558454896295313,
  "std": 0.12730258966260688,
  "quantiles": {
    "0.05": 0.06590933201699771,
    "0.1": 0.0964055513741402,
    "0.25": 0.16585847448678573,
    "0.5": 0.24178499024809708,
    "0.75": 0.3321751061828504,
    "0.9": 0.4311517021546982,
    "0.95": 0.49281545448118347
  },
  "hist_counts": [
    542,
    1313,
    1799,
    2539,
    2983,
    2580,
    1993,
    1338,
    947,
    629,
    414,
    237,
    98,
    40,
    15,
    1,
    1,
    0,
    0,
    0
  ],
  "hist_bins": 20,
  "hist_range": [
    0,
    1
  ],
  "n_samples": 17469
}